<?xml version="1.0"?>
<?xml-stylesheet type="text/xsl" href="configuration.xsl"?>

<!-- Used with com.marklogic.mapreduce.examples.ContentReader.class -->

<configuration>
    <property>
        <name>mapreduce.marklogic.input.username</name>
        <value>username</value>
    </property>
    <property>
        <name>mapreduce.marklogic.input.password</name>
        <value>password</value>
    </property>
    <property>
        <name>mapreduce.marklogic.input.host</name>
        <value>hostname</value>
    </property>
    <property>
        <name>mapreduce.marklogic.input.port</name>
        <value>port</value>
    </property>
    <property>
        <name>mapreduce.marklogic.input.maxsplitsize</name>
        <value>100</value>
    </property>
    <property>
        <name>mapreduce.marklogic.input.usessl</name>
        <value>true</value>
    </property>
    <property>
        <name>mapreduce.marklogic.input.valueclass</name>
        <value>com.marklogic.mapreduce.DatabaseDocument</value>
    </property>
    <property>
        <name>mapred.reduce.tasks</name>
        <value>0</value>
    </property>
</configuration>
