<?xml version="1.0"?>
<?xml-stylesheet type="text/xsl" href="configuration.xsl"?>

<!-- Used with com.marklogic.mapreduce.examples.LinkCountValue.class -->

<configuration>
    <property>
        <name>mapreduce.marklogic.input.username</name>
        <value>username</value>
    </property>
    <property>
        <name>mapreduce.marklogic.input.password</name>
        <value>password</value>
    </property>
    <property>
        <name>mapreduce.marklogic.input.host</name>
        <value>hostname</value>
    </property>
    <property>
        <name>mapreduce.marklogic.input.port</name>
        <value>port</value>
    </property>
    <property>
        <name>mapreduce.marklogic.input.subdocumentexpr</name>
        <value>//wp:revision/wp:timestamp</value>
    </property>
    <property>
        <name>mapreduce.marklogic.input.namespace</name>
        <value>wp,http://www.mediawiki.org/xml/export-0.4/</value>
    </property>
    <property>
        <name>mapreduce.marklogic.output.query</name>
        <value><![CDATA[
        xquery version '1.0-ml';
        declare namespace mlmr="http://marklogic.com/hadoop";
        declare variable $mlmr:key as xs:string external;
        declare variable $mlmr:value as xs:string external;
        xdmp:document-add-collections($mlmr:key, ($mlmr:value))
        ]]></value>
    </property>
    <property>
        <name>mapreduce.marklogic.output.username</name>
        <value>username</value>
    </property>
    <property>
        <name>mapreduce.marklogic.output.password</name>
        <value>password</value>
    </property>
    <property>
        <name>mapreduce.marklogic.output.host</name>
        <value>hostname</value>
    </property>
    <property>
        <name>mapreduce.marklogic.output.port</name>
        <value>port</value>
    </property>
    <property>
        <name>mapred.reduce.tasks</name>
        <value>0</value>
    </property>
    <property>
        <name>mapred.map.tasks.speculative.execution</name>
        <value>false</value>
    </property>
</configuration>
